Start Date,End Date,Response Type,IP Address,Progress,Duration (in seconds),Finished,Recorded Date,Response ID,Recipient Last Name,Recipient First Name,Recipient Email,External Data Reference,Location Latitude,Location Longitude,Distribution Channel,User Language,consent,"What is your Prolific ID?

Please not that this response should auto-fill with the correct ID.",Age,Gender,How do you describe yourself? - Prefer to self-describe - Text,Ethnicity,Education,EconKnowl,Politics,Blue,question1,question2,question3,question4,question5,question6,question7,question8,question9,question10 ,PROLIFIC_PID
30/06/2023 19:36,30/06/2023 19:40,IP Address,70.108.18.86,100,248,True,30/06/2023 19:40,R_2CHtUe36Eg2ABMA,,,,,38.894,-77.0365,anonymous,EN-GB,"I consent, begin the study",5c08e1bd3329c500019bba93,25-34 years old,Female,,Black or African American,"Graduate or professional degree (MA, MS, MBA, PhD, JD, MD, DDS etc.)",3,Independent,Blue,Strongly disagree,Agree,Strongly agree,Strongly disagree,Strongly disagree,Strongly agree,Strongly disagree,No opinion,Strongly agree,Strongly agree,5c08e1bd3329c500019bba93
30/06/2023 19:38,30/06/2023 19:41,IP Address,184.57.112.115,100,213,True,30/06/2023 19:41,R_2X7gSAgzOA8hcgH,,,,,40.0181,-83.0117,anonymous,EN-GB,"I consent, begin the study",5b9056617b384b0001d13167,25-34 years old,Female,,White or Caucasian,"Graduate or professional degree (MA, MS, MBA, PhD, JD, MD, DDS etc.)",2,Independent,Blue,Agree,Agree,Strongly agree,Uncertain,Uncertain,Agree,Uncertain,Uncertain,Agree,Disagree,5b9056617b384b0001d13167
30/06/2023 19:35,30/06/2023 19:44,IP Address,50.80.143.109,100,494,True,30/06/2023 19:44,R_1Cf0kYrB9BVGQsu,,,,,41.6006,-93.6296,anonymous,EN-GB,"I consent, begin the study",5c1d569699de680001e285df,55-64 years old,Female,,White or Caucasian,Associates or technical degree,2,Independent,Blue,Uncertain,Disagree,Strongly agree,Disagree,Strongly agree,Strongly agree,Disagree,Strongly agree,Strongly agree,Strongly agree,5c1d569699de680001e285df
30/06/2023 19:43,30/06/2023 19:45,IP Address,12.206.226.130,100,128,True,30/06/2023 19:45,R_xbU8Xrk0G2u7H3P,,,,,29.7502,-95.471,anonymous,EN-GB,"I consent, begin the study",5783d604900cc80001d2d767,25-34 years old,Non-binary / third gender,,"White or Caucasian,Other",Associates or technical degree,3,Democrat,Blue,Agree,Strongly agree,No opinion,Strongly disagree,Strongly agree,Agree,Uncertain,Agree,No opinion,Strongly disagree,5783d604900cc80001d2d767
30/06/2023 19:47,30/06/2023 19:49,IP Address,68.75.10.11,100,90,True,30/06/2023 19:49,R_1BXjYzz8GtFCEg4,,,,,41.8733,-88.1163,anonymous,EN-GB,"I consent, begin the study",6419ae0434916e5dde92e2f2,25-34 years old,Male,,Other,Bachelor’s degree,4,Independent,Blue,Uncertain,Agree,Uncertain,Uncertain,Uncertain,Uncertain,Uncertain,Uncertain,Uncertain,Agree,6419ae0434916e5dde92e2f2
30/06/2023 19:49,30/06/2023 19:51,IP Address,173.174.84.167,100,129,True,30/06/2023 19:51,R_2Vr2lRZE48GeRj5,,,,,30.2627,-97.7467,anonymous,EN-GB,"I consent, begin the study",608606a3fe863e64eca952bc,25-34 years old,Female,,Asian,"Some college, but no degree",2,Democrat,Blue,Uncertain,Agree,Uncertain,Disagree,Agree,Agree,Uncertain,Agree,Uncertain,Agree,608606a3fe863e64eca952bc
30/06/2023 19:49,30/06/2023 19:52,IP Address,136.62.53.222,100,180,True,30/06/2023 19:52,R_XX1wfqXwGsj4iOd,,,,,30.2732,-97.7419,anonymous,EN-GB,"I consent, begin the study",5fceb8342eb3f717cf22535d,25-34 years old,Female,,Asian,"Graduate or professional degree (MA, MS, MBA, PhD, JD, MD, DDS etc.)",5,Democrat,Blue,Agree,Uncertain,Strongly agree,Strongly disagree,Strongly agree,Strongly agree,Uncertain,Uncertain,Uncertain,Agree,5fceb8342eb3f717cf22535d
30/06/2023 19:50,30/06/2023 19:54,IP Address,104.186.255.94,100,203,True,30/06/2023 19:54,R_42PbVNg1y3yu4j7,,,,,37.9269,-122.3313,anonymous,EN-GB,"I consent, begin the study",5820ab7820c34d0001e6dff2,25-34 years old,Male,,Asian,Bachelor’s degree,8,Democrat,Blue,Agree,Strongly agree,Strongly agree,Uncertain,Strongly agree,Agree,Strongly agree,Disagree,Agree,Agree,5820ab7820c34d0001e6dff2
30/06/2023 19:52,30/06/2023 19:54,IP Address,71.135.220.244,100,119,True,30/06/2023 19:54,R_3kchmYHa7K3Kkly,,,,,33.8498,-118.0086,anonymous,EN-GB,"I consent, begin the study",56f43221dc03a8000d98dbcd,25-34 years old,Male,,Asian,"Graduate or professional degree (MA, MS, MBA, PhD, JD, MD, DDS etc.)",2,Democrat,Blue,Uncertain,Strongly agree,Disagree,Disagree,Strongly agree,Strongly agree,Uncertain,Agree,Agree,Strongly agree,56f43221dc03a8000d98dbcd
30/06/2023 19:49,30/06/2023 19:54,IP Address,50.80.81.254,100,299,True,30/06/2023 19:54,R_2Uc7NaVGWPtnHV1,,,,,41.2352,-89.3218,anonymous,EN-GB,"I consent, begin the study",60907f06f13b0d2c196099eb,45-54 years old,Female,,White or Caucasian,"Graduate or professional degree (MA, MS, MBA, PhD, JD, MD, DDS etc.)",5,Independent,Blue,Agree,Uncertain,Disagree,Disagree,Agree,Agree,Disagree,Uncertain,Uncertain,Agree,60907f06f13b0d2c196099eb
30/06/2023 19:52,30/06/2023 19:54,IP Address,69.14.31.96,100,147,True,30/06/2023 19:54,R_1QirLwYdCVw4Gp3,,,,,42.5597,-83.1138,anonymous,EN-GB,"I consent, begin the study",5c85d80dfff8430016e9a418,25-34 years old,Male,,Asian,Bachelor’s degree,2,Independent,Blue,Strongly disagree,Strongly agree,Strongly agree,Strongly agree,Strongly agree,Agree,Agree,Agree,No opinion,Strongly agree,5c85d80dfff8430016e9a418
30/06/2023 19:52,30/06/2023 19:56,IP Address,75.115.58.117,100,213,True,30/06/2023 19:56,R_2aVMUHGefh3JtE6,,,,,28.2365,-82.3289,anonymous,EN-GB,"I consent, begin the study",60ff14561039e939a18f144d,18-24 years old,Female,,"White or Caucasian,Other","Some college, but no degree",1,Democrat,Blue,Strongly disagree,Disagree,No opinion,Strongly disagree,Agree,Strongly agree,Strongly disagree,Agree,Strongly agree,Strongly agree,60ff14561039e939a18f144d
30/06/2023 19:54,30/06/2023 19:57,IP Address,131.187.184.122,100,178,True,30/06/2023 19:57,R_da3FI8b7tXf4bh7,,,,,40.2938,-83.0744,anonymous,EN-GB,"I consent, begin the study",6413577eeebd4ef6af933137,45-54 years old,Male,,White or Caucasian,"Some college, but no degree",7,Republican,Blue,Disagree,Uncertain,Uncertain,Disagree,Agree,Uncertain,Disagree,Uncertain,Uncertain,Disagree,6413577eeebd4ef6af933137
30/06/2023 19:55,30/06/2023 19:57,IP Address,99.50.44.197,100,125,True,30/06/2023 19:57,R_3PpLI2Hoao3lVqF,,,,,36.013,-95.9767,anonymous,EN-GB,"I consent, begin the study",5a7d12a1f49c9a0001f33d53,55-64 years old,Male,,White or Caucasian,"Graduate or professional degree (MA, MS, MBA, PhD, JD, MD, DDS etc.)",9,Republican,Blue,Uncertain,Uncertain,Disagree,Strongly agree,Strongly agree,Disagree,Uncertain,Disagree,Strongly disagree,Strongly disagree,5a7d12a1f49c9a0001f33d53
30/06/2023 19:54,30/06/2023 19:57,IP Address,69.112.38.127,100,195,True,30/06/2023 19:57,R_3KZUm857tQoiNz3,,,,,40.9315,-74.348,anonymous,EN-GB,"I consent, begin the study",5c0abcc49f5dfb00011cf6a6,35-44 years old,Female,,White or Caucasian,Bachelor’s degree,5,Republican,Blue,Disagree,Strongly agree,Strongly agree,Uncertain,Uncertain,Strongly agree,Uncertain,Uncertain,Uncertain,Strongly agree,5c0abcc49f5dfb00011cf6a6
30/06/2023 19:54,30/06/2023 19:58,IP Address,173.49.140.15,100,271,True,30/06/2023 19:58,R_2397OTMxGeDFkCq,,,,,40.595,-75.5289,anonymous,EN-GB,"I consent, begin the study",5d41ee2257382300015d1560,45-54 years old,Female,,Other,Bachelor’s degree,4,Independent,Blue,No opinion,No opinion,No opinion,No opinion,Uncertain,No opinion,No opinion,No opinion,Agree,Agree,5d41ee2257382300015d1560
30/06/2023 19:54,30/06/2023 19:59,IP Address,172.56.72.83,100,317,True,30/06/2023 19:59,R_2wgjqGUmSJxziLF,,,,,28.5436,-81.3738,anonymous,EN-GB,"I consent, begin the study",62a3b2b0eb528bfeb2ea2e02,25-34 years old,Male,,"White or Caucasian,Asian,Other","Some college, but no degree",3,Republican,Blue,Uncertain,Strongly agree,Strongly agree,Agree,Agree,Strongly agree,Uncertain,Agree,Uncertain,Strongly agree,62a3b2b0eb528bfeb2ea2e02
30/06/2023 19:57,30/06/2023 19:59,IP Address,129.138.172.44,100,141,True,30/06/2023 19:59,R_1KprQxeMVb3ss0I,,,,,34.0527,-106.8895,anonymous,EN-GB,"I consent, begin the study",610f08f3d1314c14931e2829,35-44 years old,Female,,Black or African American,"Graduate or professional degree (MA, MS, MBA, PhD, JD, MD, DDS etc.)",6,Independent,Blue,Uncertain,Disagree,Strongly agree,Disagree,Uncertain,Agree,Disagree,Uncertain,Agree,Strongly agree,610f08f3d1314c14931e2829
30/06/2023 19:58,30/06/2023 19:59,IP Address,108.213.212.207,100,90,True,30/06/2023 19:59,R_PNiOO2nAouYbdYt,,,,,39.9914,-83.0034,anonymous,EN-GB,"I consent, begin the study",6283cc51ce852a41ccb0c472,18-24 years old,Female,,Asian,"Some college, but no degree",6,Democrat,Blue,Agree,Agree,Agree,Agree,Agree,Agree,Agree,Agree,Agree,Agree,6283cc51ce852a41ccb0c472
30/06/2023 19:57,30/06/2023 20:01,IP Address,67.189.191.185,100,225,True,30/06/2023 20:01,R_20V6SDCEYSSK73N,,,,,41.4098,-73.59,anonymous,EN-GB,"I consent, begin the study",5c5c85c6054ae60001d04f67,55-64 years old,Female,,Asian,Bachelor’s degree,6,Democrat,Blue,Agree,Strongly agree,Uncertain,Disagree,Strongly agree,Agree,Strongly agree,Agree,Strongly agree,Agree,5c5c85c6054ae60001d04f67
30/06/2023 19:58,30/06/2023 20:01,IP Address,172.58.13.13,100,156,True,30/06/2023 20:01,R_XNB81YUFuT0M8rT,,,,,39.7388,-104.9868,anonymous,EN-GB,"I consent, begin the study",5dd7b300a71de875640dc574,45-54 years old,Male,,White or Caucasian,Bachelor’s degree,7,Democrat,Blue,Uncertain,Agree,Agree,Strongly disagree,Strongly agree,Disagree,Disagree,Agree,Uncertain,Agree,5dd7b300a71de875640dc574
30/06/2023 20:00,30/06/2023 20:03,IP Address,172.56.104.100,100,153,True,30/06/2023 20:03,R_2ahiaPX8g4nWWZn,,,,,47.6034,-122.3414,anonymous,EN-GB,"I consent, begin the study",62f48ec3d148eaece3a0c3c7,35-44 years old,Male,,Asian,"Some college, but no degree",4,Democrat,Blue,Uncertain,Uncertain,Agree,Disagree,No opinion,Agree,Uncertain,Uncertain,Agree,Disagree,62f48ec3d148eaece3a0c3c7
30/06/2023 19:57,30/06/2023 20:03,IP Address,100.33.101.251,100,368,True,30/06/2023 20:03,R_spVON2tuyBlquI1,,,,,40.9285,-73.8282,anonymous,EN-GB,"I consent, begin the study",647dde92d730823a9e5c7f0f,55-64 years old,Female,,Other,Bachelor’s degree,9,Independent,Blue,Strongly disagree,Strongly agree,No opinion,Disagree,Strongly agree,Agree,Strongly agree,Strongly agree,Disagree,Disagree,647dde92d730823a9e5c7f0f
30/06/2023 20:00,30/06/2023 20:04,IP Address,67.21.186.181,100,216,True,30/06/2023 20:04,R_ebbfNUb8h0jodYl,,,,,34.6805,-82.8231,anonymous,EN-GB,"I consent, begin the study",62f196a7aec6f2cfa57f5397,25-34 years old,Male,,Black or African American,"Graduate or professional degree (MA, MS, MBA, PhD, JD, MD, DDS etc.)",6,Republican,Blue,Disagree,Agree,Agree,Disagree,Agree,Agree,Agree,Agree,Uncertain,Agree,62f196a7aec6f2cfa57f5397
30/06/2023 20:03,30/06/2023 20:04,IP Address,74.77.192.166,100,72,True,30/06/2023 20:04,R_1FfvVzmMWl6dotX,,,,,44.1407,-76.0634,anonymous,EN-GB,"I consent, begin the study",5c3ed962c2d0b700017cd343,25-34 years old,Female,,White or Caucasian,"Some college, but no degree",6,Republican,Blue,Uncertain,Agree,Uncertain,Agree,Agree,Uncertain,Agree,Uncertain,Agree,Uncertain,5c3ed962c2d0b700017cd343
30/06/2023 19:55,30/06/2023 20:05,IP Address,24.148.1.246,100,590,True,30/06/2023 20:05,R_eKc8mdSUYNFBDaN,,,,,41.8482,-87.6521,anonymous,EN-GB,"I consent, begin the study",62d560526bd2941f33c9dad6,25-34 years old,Male,,Other,Bachelor’s degree,8,Democrat,Blue,Strongly disagree,Strongly agree,Uncertain,Strongly agree,Strongly agree,Agree,Strongly agree,Agree,Agree,Strongly agree,62d560526bd2941f33c9dad6
30/06/2023 20:00,30/06/2023 20:05,IP Address,76.146.14.62,100,301,True,30/06/2023 20:05,R_3FIN40uBNAl12FB,,,,,47.8022,-122.286,anonymous,EN-GB,"I consent, begin the study",5d4c7acd2799110019400b6a,65+ years old,Female,,Other,"Some college, but no degree",6,Independent,Blue,Uncertain,Disagree,Agree,Strongly agree,Strongly agree,Disagree,Disagree,Agree,Uncertain,Agree,5d4c7acd2799110019400b6a
30/06/2023 20:03,30/06/2023 20:05,IP Address,98.121.203.122,100,162,True,30/06/2023 20:05,R_egnuGhkcll55thD,,,,,33.4987,-80.8466,anonymous,EN-GB,"I consent, begin the study",5f29aacd4eeb0b10914d3dc5,35-44 years old,Male,,Black or African American,Bachelor’s degree,4,Democrat,Blue,Disagree,Agree,Strongly agree,Strongly disagree,Agree,Strongly agree,Disagree,Uncertain,Agree,Agree,5f29aacd4eeb0b10914d3dc5
30/06/2023 20:04,30/06/2023 20:06,IP Address,174.208.192.130,100,105,True,30/06/2023 20:06,R_3OxVFrV6fsLo9gd,,,,,41.8482,-87.6521,anonymous,EN-GB,"I consent, begin the study",595d0331d8bd8d000154e148,35-44 years old,Male,,White or Caucasian,"Graduate or professional degree (MA, MS, MBA, PhD, JD, MD, DDS etc.)",4,Independent,Blue,Uncertain,Agree,Strongly agree,Uncertain,Agree,Strongly agree,Agree,Uncertain,Strongly agree,Strongly agree,595d0331d8bd8d000154e148
30/06/2023 20:04,30/06/2023 20:07,IP Address,76.18.161.205,100,184,True,30/06/2023 20:07,R_2cuQ2f1Y2v5rg9B,,,,,36.1515,-86.792,anonymous,EN-GB,"I consent, begin the study",5c5e2da13035a60001df1f28,25-34 years old,Female,,"White or Caucasian,Black or African American",Bachelor’s degree,7,Democrat,Blue,Uncertain,Strongly agree,Strongly agree,Disagree,No opinion,Uncertain,No opinion,Agree,No opinion,Disagree,5c5e2da13035a60001df1f28
30/06/2023 20:03,30/06/2023 20:07,IP Address,72.107.132.148,100,245,True,30/06/2023 20:07,R_ePU31Nlu4Jml0GZ,,,,,42.3755,-83.2883,anonymous,EN-GB,"I consent, begin the study",648d44a033f95a98dfc4493c,45-54 years old,Male,,Black or African American,"Graduate or professional degree (MA, MS, MBA, PhD, JD, MD, DDS etc.)",7,Democrat,Blue,Agree,Strongly agree,Disagree,Uncertain,Strongly agree,Uncertain,Disagree,Agree,Agree,Strongly agree,648d44a033f95a98dfc4493c
30/06/2023 20:01,30/06/2023 20:07,IP Address,63.232.78.154,100,345,True,30/06/2023 20:07,R_PUHT2f5i9Du2zQJ,,,,,33.5132,-112.083,anonymous,EN-GB,"I consent, begin the study",5e0b8d156aab7c39d83797d3,65+ years old,Male,,White or Caucasian,Bachelor’s degree,7,Republican,Blue,Disagree,Disagree,Disagree,Strongly agree,Agree,Disagree,Disagree,Agree,Disagree,Agree,5e0b8d156aab7c39d83797d3
30/06/2023 20:04,30/06/2023 20:07,IP Address,99.73.18.38,100,176,True,30/06/2023 20:07,R_2vY6n8u91W8qh7G,,,,,34.0297,-84.1469,anonymous,EN-GB,"I consent, begin the study",631615e2e62254d0d63d1ab0,25-34 years old,Female,,Asian,"Graduate or professional degree (MA, MS, MBA, PhD, JD, MD, DDS etc.)",7,Democrat,Blue,Agree,Strongly agree,Agree,Strongly disagree,Agree,Strongly agree,No opinion,Uncertain,Strongly agree,Agree,631615e2e62254d0d63d1ab0
30/06/2023 20:04,30/06/2023 20:07,IP Address,96.233.114.42,100,215,True,30/06/2023 20:07,R_29mKDVVmSIRpmOa,,,,,42.2125,-70.9961,anonymous,EN-GB,"I consent, begin the study",64526a5c7705a67b696255b6,35-44 years old,Female,,White or Caucasian,"Graduate or professional degree (MA, MS, MBA, PhD, JD, MD, DDS etc.)",7,Democrat,Blue,Disagree,Agree,Agree,Strongly disagree,Agree,Strongly agree,Uncertain,Agree,Agree,Strongly disagree,64526a5c7705a67b696255b6
30/06/2023 20:04,30/06/2023 20:07,IP Address,12.19.118.58,100,209,True,30/06/2023 20:07,R_21HsHVVfZo6xP8x,,,,,36.4507,-95.7138,anonymous,EN-GB,"I consent, begin the study",60bcd8d5a4471fbeb477f915,25-34 years old,Male,,Asian,Bachelor’s degree,6,Democrat,Blue,Uncertain,Strongly agree,Strongly agree,Strongly disagree,Agree,Strongly agree,Uncertain,Uncertain,Strongly agree,Strongly agree,60bcd8d5a4471fbeb477f915
30/06/2023 20:06,30/06/2023 20:08,IP Address,24.119.237.145,100,132,True,30/06/2023 20:08,R_21AkK8w5FUuEqH5,,,,,33.7174,-85.8404,anonymous,EN-GB,"I consent, begin the study",5f57620f2095071eaf7a8224,25-34 years old,Male,,White or Caucasian,High school diploma or GED,3,Independent,Blue,Uncertain,Agree,Strongly agree,Disagree,Uncertain,Strongly agree,Uncertain,Agree,Strongly agree,Disagree,5f57620f2095071eaf7a8224
30/06/2023 20:06,30/06/2023 20:08,IP Address,104.184.104.185,100,104,True,30/06/2023 20:08,R_D7D2SkZtEgxXo5P,,,,,33.5504,-101.8871,anonymous,EN-GB,"I consent, begin the study",5f483bd8636f062f76e06603,18-24 years old,Female,,White or Caucasian,"Some college, but no degree",3,Democrat,Blue,Uncertain,Agree,Strongly agree,Uncertain,Uncertain,Strongly agree,Uncertain,Uncertain,Agree,Agree,5f483bd8636f062f76e06603
30/06/2023 20:05,30/06/2023 20:09,IP Address,98.208.157.238,100,244,True,30/06/2023 20:09,R_07jLgzQ3UZ4V8Bj,,,,,26.6462,-81.8455,anonymous,EN-GB,"I consent, begin the study",5f7adf44d2ddfa74d5019c3d,25-34 years old,Male,,"White or Caucasian,Asian","Some college, but no degree",7,Independent,Blue,Disagree,Strongly disagree,Agree,Disagree,Agree,Agree,Agree,Agree,Strongly agree,Disagree,5f7adf44d2ddfa74d5019c3d
30/06/2023 20:08,30/06/2023 20:09,IP Address,73.84.130.49,100,90,True,30/06/2023 20:09,R_30d6zBnbA2klt8R,,,,,26.8238,-80.1407,anonymous,EN-GB,"I consent, begin the study",60675b278929f00a78c91c3f,25-34 years old,Male,,White or Caucasian,Bachelor’s degree,9,Independent,Blue,Agree,Agree,Uncertain,Uncertain,Uncertain,Agree,Agree,Agree,Agree,Agree,60675b278929f00a78c91c3f
30/06/2023 20:08,30/06/2023 20:09,IP Address,47.189.235.118,100,90,True,30/06/2023 20:09,R_2XcXTAA8ZqhsF40,,,,,33.107,-97.1598,anonymous,EN-GB,"I consent, begin the study",6202997def1cb18a1337c483,18-24 years old,Female,,White or Caucasian,"Some college, but no degree",6,Democrat,Blue,Uncertain,Agree,Agree,Uncertain,Agree,Strongly agree,No opinion,Uncertain,Uncertain,Disagree,6202997def1cb18a1337c483
30/06/2023 20:07,30/06/2023 20:10,IP Address,66.112.171.16,100,160,True,30/06/2023 20:10,R_2WBcHpur1S1NVU1,,,,,32.5673,-82.3428,anonymous,EN-GB,"I consent, begin the study",628b8ef9ef5432197c27bbc9,25-34 years old,Male,,Black or African American,"Some college, but no degree",7,Independent,Blue,Uncertain,Disagree,Agree,Uncertain,Uncertain,Disagree,Uncertain,Agree,Uncertain,Disagree,628b8ef9ef5432197c27bbc9
30/06/2023 20:09,30/06/2023 20:10,IP Address,65.26.50.99,100,96,True,30/06/2023 20:10,R_cTiarwigiBatSW5,,,,,39.3644,-94.3634,anonymous,EN-GB,"I consent, begin the study",5588ee6ffdf99b304dd48297,35-44 years old,Female,,White or Caucasian,Associates or technical degree,4,Independent,Blue,Agree,Agree,Strongly agree,Uncertain,Uncertain,Strongly agree,No opinion,Strongly agree,Agree,No opinion,5588ee6ffdf99b304dd48297
30/06/2023 20:08,30/06/2023 20:10,IP Address,166.182.80.169,100,151,True,30/06/2023 20:10,R_2rMD6CFeqMoVEPC,,,,,38.5774,-90.6709,anonymous,EN-GB,"I consent, begin the study",60fcb00d25b5d052dd9e8d59,35-44 years old,Female,,White or Caucasian,Bachelor’s degree,3,Democrat,Blue,Uncertain,Agree,Uncertain,Disagree,Agree,Strongly agree,Uncertain,No opinion,Disagree,Agree,60fcb00d25b5d052dd9e8d59
30/06/2023 20:10,30/06/2023 20:13,IP Address,174.209.193.84,100,176,True,30/06/2023 20:13,R_1kTEQtf6XwVkIf4,,,,,33.7474,-84.3747,anonymous,EN-GB,"I consent, begin the study",60c35c4fabca21fb4a0c9f17,35-44 years old,Male,,"White or Caucasian,Black or African American",Bachelor’s degree,6,Independent,Blue,Uncertain,Agree,Agree,Disagree,Agree,Disagree,Disagree,Uncertain,Agree,Strongly agree,60c35c4fabca21fb4a0c9f17
30/06/2023 20:10,30/06/2023 20:13,IP Address,140.82.191.138,100,166,True,30/06/2023 20:13,R_9TQHdfclXvLT4Ax,,,,,35.1349,-106.6402,anonymous,EN-GB,"I consent, begin the study",5e9f5c69290ef80c286040e5,25-34 years old,Male,,White or Caucasian,Bachelor’s degree,4,Independent,Blue,Uncertain,Disagree,Uncertain,Agree,Uncertain,Disagree,Agree,Uncertain,Disagree,Uncertain,5e9f5c69290ef80c286040e5
30/06/2023 20:07,30/06/2023 20:13,IP Address,68.119.212.6,100,347,True,30/06/2023 20:13,R_1o2dhZjuFvVtY99,,,,,35.7113,-82.5467,anonymous,EN-GB,"I consent, begin the study",62bdeca4922726b49ec42dc3,35-44 years old,Male,,White or Caucasian,"Some college, but no degree",6,Democrat,Blue,Disagree,Disagree,Uncertain,Disagree,Strongly agree,Agree,Uncertain,Uncertain,Disagree,Agree,62bdeca4922726b49ec42dc3
30/06/2023 20:12,30/06/2023 20:14,IP Address,68.32.79.179,100,119,True,30/06/2023 20:14,R_2wHSjjXW5Vm0qhg,,,,,42.2807,-83.7801,anonymous,EN-GB,"I consent, begin the study",63f77c99aeb55cf2e2f55d09,35-44 years old,Female,,White or Caucasian,Bachelor’s degree,2,Democrat,Blue,Uncertain,Agree,Strongly agree,Disagree,Uncertain,Agree,Agree,Agree,Agree,Strongly disagree,63f77c99aeb55cf2e2f55d09
30/06/2023 20:12,30/06/2023 20:14,IP Address,107.202.40.120,100,141,True,30/06/2023 20:14,R_BSwNTw5EAmbYssV,,,,,38.8113,-121.2643,anonymous,EN-GB,"I consent, begin the study",5e6439f33b92cf1ccdc575e8,45-54 years old,Male,,Asian,Bachelor’s degree,6,Independent,Blue,Disagree,Uncertain,Agree,Agree,No opinion,Uncertain,No opinion,Uncertain,Disagree,Uncertain,5e6439f33b92cf1ccdc575e8
30/06/2023 20:12,30/06/2023 20:14,IP Address,74.83.232.102,100,125,True,30/06/2023 20:14,R_2aCFcGoy4ASPo1n,,,,,39.1256,-84.5127,anonymous,EN-GB,"I consent, begin the study",5de2b1568f5cd52ecc1b14b8,35-44 years old,Male,,White or Caucasian,High school diploma or GED,7,Democrat,Blue,Disagree,Strongly agree,Strongly agree,Strongly disagree,Strongly agree,Strongly agree,Disagree,Agree,Strongly agree,Agree,5de2b1568f5cd52ecc1b14b8
30/06/2023 20:12,30/06/2023 20:14,IP Address,68.45.37.97,100,144,True,30/06/2023 20:14,R_2SoFLf92L1OXMrL,,,,,39.9594,-86.0199,anonymous,EN-GB,"I consent, begin the study",613461a8b9035cf9b29ad84d,18-24 years old,Female,,White or Caucasian,High school diploma or GED,6,Democrat,Blue,Disagree,Agree,Strongly agree,Uncertain,Strongly agree,Strongly agree,Agree,No opinion,Uncertain,Agree,613461a8b9035cf9b29ad84d
30/06/2023 20:12,30/06/2023 20:14,IP Address,96.28.42.126,100,120,True,30/06/2023 20:14,R_1NkOUz276IOIDag,,,,,38.3078,-85.7359,anonymous,EN-GB,"I consent, begin the study",5c7d7e86848d2a0016b3dd3e,45-54 years old,Male,,Black or African American,Associates or technical degree,3,Democrat,Blue,Strongly agree,Uncertain,Agree,Uncertain,Agree,Agree,Uncertain,Uncertain,Agree,Agree,5c7d7e86848d2a0016b3dd3e
30/06/2023 20:08,30/06/2023 20:14,IP Address,174.205.32.204,100,404,True,30/06/2023 20:14,R_2zx6ya7ovvG1NGO,,,,,32.246,-110.9177,anonymous,EN-GB,"I consent, begin the study",5c2befdb805c1d0001b47296,35-44 years old,Female,,White or Caucasian,Bachelor’s degree,4,Democrat,Blue,Uncertain,Strongly agree,Uncertain,Strongly disagree,No opinion,Uncertain,Uncertain,Uncertain,Uncertain,Strongly agree,5c2befdb805c1d0001b47296
30/06/2023 20:12,30/06/2023 20:15,IP Address,24.62.3.59,100,156,True,30/06/2023 20:15,R_3siERr7JfjQSEMk,,,,,41.8315,-72.7198,anonymous,EN-GB,"I consent, begin the study",608cc945d87a9e15dcf958a5,35-44 years old,Male,,White or Caucasian,"Graduate or professional degree (MA, MS, MBA, PhD, JD, MD, DDS etc.)",8,Independent,Blue,Uncertain,Strongly agree,Strongly agree,Strongly disagree,Agree,Strongly agree,No opinion,No opinion,Agree,Uncertain,608cc945d87a9e15dcf958a5
30/06/2023 20:12,30/06/2023 20:15,IP Address,73.234.29.252,100,199,True,30/06/2023 20:15,R_1jfWjvFRd2zXr2s,,,,,41.698,-70.0602,anonymous,EN-GB,"I consent, begin the study",60fda1e281011f4cc4d7e4a0,45-54 years old,Female,,White or Caucasian,Bachelor’s degree,7,Democrat,Blue,Disagree,Uncertain,Agree,Disagree,Agree,Agree,Agree,Uncertain,Uncertain,Agree,60fda1e281011f4cc4d7e4a0
30/06/2023 20:10,30/06/2023 20:16,IP Address,64.7.41.3,100,337,True,30/06/2023 20:16,R_26a28Klyi91TIfS,,,,,39.6831,-77.4739,anonymous,EN-GB,"I consent, begin the study",5bd8d7dc196e7000013cdc2e,35-44 years old,Female,,White or Caucasian,"Some college, but no degree",3,Independent,Blue,Agree,Agree,Agree,Disagree,Strongly agree,Strongly agree,Uncertain,Uncertain,Uncertain,Strongly agree,5bd8d7dc196e7000013cdc2e
30/06/2023 20:12,30/06/2023 20:16,IP Address,166.199.148.138,100,224,True,30/06/2023 20:16,R_3NQC9rSjHuuTJBM,,,,,32.3012,-90.1834,anonymous,EN-GB,"I consent, begin the study",63d3fec3e40c76adc4093c69,25-34 years old,Male,,White or Caucasian,"Graduate or professional degree (MA, MS, MBA, PhD, JD, MD, DDS etc.)",8,Republican,Blue,Disagree,Disagree,Agree,Uncertain,Agree,Strongly agree,Agree,Uncertain,Disagree,Agree,63d3fec3e40c76adc4093c69
30/06/2023 20:13,30/06/2023 20:16,IP Address,24.14.158.108,100,170,True,30/06/2023 20:16,R_ZgiYq74VqsdG7qp,,,,,42.0364,-88.324,anonymous,EN-GB,"I consent, begin the study",5dd31871c5faa232d3c20365,35-44 years old,Male,,Black or African American,Associates or technical degree,7,Something else,Blue,Uncertain,Strongly agree,Agree,Uncertain,Strongly agree,Agree,Agree,Agree,Agree,No opinion,5dd31871c5faa232d3c20365
30/06/2023 20:13,30/06/2023 20:16,IP Address,73.25.114.212,100,202,True,30/06/2023 20:16,R_28N7HTQ4t6rZsqz,,,,,44.9466,-123.0105,anonymous,EN-GB,"I consent, begin the study",622a5d3bbefce4aad4fd640a,55-64 years old,Female,,White or Caucasian,"Graduate or professional degree (MA, MS, MBA, PhD, JD, MD, DDS etc.)",6,Independent,Blue,Uncertain,Strongly disagree,Uncertain,Strongly disagree,Uncertain,Uncertain,Uncertain,Uncertain,Uncertain,Strongly disagree,622a5d3bbefce4aad4fd640a
30/06/2023 20:14,30/06/2023 20:16,IP Address,76.93.182.43,100,157,True,30/06/2023 20:16,R_71aSAn0W0MRDssN,,,,,32.7173,-117.157,anonymous,EN-GB,"I consent, begin the study",59e833e72f63d30001c8fb86,35-44 years old,Male,,Asian,"Some college, but no degree",6,Democrat,Blue,Strongly disagree,No opinion,Strongly agree,Agree,Agree,Strongly agree,Disagree,Uncertain,Strongly agree,Strongly agree,59e833e72f63d30001c8fb86
30/06/2023 20:13,30/06/2023 20:17,IP Address,96.40.228.181,100,190,True,30/06/2023 20:17,R_25GFE0w4Jo728Cy,,,,,42.7355,-89.0405,anonymous,EN-GB,"I consent, begin the study",6111502e4dba0ac8447e8c28,35-44 years old,Female,,White or Caucasian,"Some college, but no degree",6,Democrat,Blue,Disagree,Agree,Agree,Disagree,Disagree,Strongly agree,Strongly agree,Strongly agree,Agree,Strongly agree,6111502e4dba0ac8447e8c28
30/06/2023 20:14,30/06/2023 20:17,IP Address,75.73.0.119,100,139,True,30/06/2023 20:17,R_vBtS8TcA72Gmi7n,,,,,45.0196,-93.2402,anonymous,EN-GB,"I consent, begin the study",6335b5fdc41e92fb73e7c2df,35-44 years old,Male,,White or Caucasian,"Graduate or professional degree (MA, MS, MBA, PhD, JD, MD, DDS etc.)",7,Independent,Blue,Uncertain,Disagree,Uncertain,Disagree,Agree,Strongly agree,Uncertain,Uncertain,Strongly agree,Strongly disagree,6335b5fdc41e92fb73e7c2df
30/06/2023 20:14,30/06/2023 20:17,IP Address,76.233.1.123,100,159,True,30/06/2023 20:17,R_1CdKtEgnbSMhBjh,,,,,25.9972,-80.3259,anonymous,EN-GB,"I consent, begin the study",5ff39ec71d6cb49c6c906727,25-34 years old,Male,,White or Caucasian,Bachelor’s degree,5,Democrat,Blue,Uncertain,Strongly agree,Uncertain,Agree,Uncertain,Uncertain,Disagree,Agree,Uncertain,Disagree,5ff39ec71d6cb49c6c906727
30/06/2023 20:10,30/06/2023 20:17,IP Address,97.135.112.114,100,379,True,30/06/2023 20:17,R_1QslZnepQnGqM73,,,,,42.5686,-83.0668,anonymous,EN-GB,"I consent, begin the study",64858c7474ac10824cd3843b,55-64 years old,Male,,Black or African American,"Graduate or professional degree (MA, MS, MBA, PhD, JD, MD, DDS etc.)",4,Republican,Blue,Disagree,Uncertain,Agree,Agree,Disagree,Agree,Strongly agree,Agree,Strongly agree,Strongly agree,64858c7474ac10824cd3843b
30/06/2023 19:55,30/06/2023 20:17,IP Address,75.232.234.100,100,1337,True,30/06/2023 20:17,R_uazjQihtkg6vCBb,,,,,42.6002,-83.0033,anonymous,EN-GB,"I consent, begin the study",64761192747933d2481542d3,65+ years old,Male,,Black or African American,"Graduate or professional degree (MA, MS, MBA, PhD, JD, MD, DDS etc.)",9,Democrat,Blue,Agree,Agree,Agree,Strongly disagree,Agree,Disagree,Disagree,Agree,Agree,Strongly disagree,64761192747933d2481542d3
30/06/2023 20:13,30/06/2023 20:17,IP Address,70.164.211.149,100,218,True,30/06/2023 20:17,R_2Rb8F0YRLThhZvQ,,,,,33.6816,-117.8302,anonymous,EN-GB,"I consent, begin the study",5a6032228e625900017657f4,25-34 years old,Male,,White or Caucasian,Bachelor’s degree,7,Republican,Blue,Disagree,Disagree,Uncertain,Strongly agree,Agree,Agree,Agree,Agree,Uncertain,Agree,5a6032228e625900017657f4
30/06/2023 20:14,30/06/2023 20:17,IP Address,172.58.81.124,100,218,True,30/06/2023 20:17,R_RF6x6MuTkXSuGGt,,,,,39.7684,-86.158,anonymous,EN-GB,"I consent, begin the study",5d8406ea27f4980001b3f559,35-44 years old,Female,,White or Caucasian,Bachelor’s degree,4,Democrat,Blue,Disagree,Agree,Uncertain,Disagree,Uncertain,Agree,Uncertain,Uncertain,Agree,Disagree,5d8406ea27f4980001b3f559
30/06/2023 20:15,30/06/2023 20:17,IP Address,75.172.141.130,100,134,True,30/06/2023 20:17,R_3hEp32OFbY1dXSh,,,,,47.6348,-122.3451,anonymous,EN-GB,"I consent, begin the study",627291bbdfcd4d5c0120cf80,45-54 years old,Male,,Asian,Bachelor’s degree,8,Democrat,Blue,Uncertain,Strongly agree,Strongly agree,Disagree,Strongly agree,Agree,Uncertain,Uncertain,Strongly agree,Agree,627291bbdfcd4d5c0120cf80
30/06/2023 20:13,30/06/2023 20:18,IP Address,72.238.216.56,100,262,True,30/06/2023 20:18,R_3dyZNL9eQ6jiCNH,,,,,28.5344,-81.3783,anonymous,EN-GB,"I consent, begin the study",6155bb7bd61da3e93bc842e8,Under 18,Male,,Black or African American,Bachelor’s degree,7,Independent,Blue,Agree,Agree,Agree,Disagree,No opinion,Uncertain,Disagree,Agree,Uncertain,Strongly agree,6155bb7bd61da3e93bc842e8
30/06/2023 20:14,30/06/2023 20:18,IP Address,71.207.161.76,100,230,True,30/06/2023 20:18,R_1l48V2e0eWC5ddz,,,,,34.0194,-86.0503,anonymous,EN-GB,"I consent, begin the study",607c4ce73743ee10f2b169c7,18-24 years old,Female,,Black or African American,"Some college, but no degree",2,Something else,Blue,Agree,Uncertain,Strongly agree,Agree,No opinion,Strongly agree,Uncertain,Agree,Agree,Disagree,607c4ce73743ee10f2b169c7
30/06/2023 20:15,30/06/2023 20:18,IP Address,98.201.149.171,100,155,True,30/06/2023 20:18,R_24zWQCtRcIeurpn,,,,,29.7545,-95.4093,anonymous,EN-GB,"I consent, begin the study",60ce22b98855be7468381ed7,25-34 years old,Female,,"White or Caucasian,Asian",Bachelor’s degree,6,Independent,Blue,Agree,Strongly agree,Strongly agree,Strongly disagree,Uncertain,Strongly agree,Uncertain,Agree,Uncertain,Disagree,60ce22b98855be7468381ed7
30/06/2023 20:16,30/06/2023 20:18,IP Address,98.209.230.58,100,139,True,30/06/2023 20:18,R_3ef2haRJ1oUZh72,,,,,42.2967,-85.2066,anonymous,EN-GB,"I consent, begin the study",6481c1bf7cc58b7544e316e2,65+ years old,Female,,White or Caucasian,"Graduate or professional degree (MA, MS, MBA, PhD, JD, MD, DDS etc.)",4,Republican,Blue,Uncertain,Strongly agree,Uncertain,Uncertain,Agree,Uncertain,Uncertain,Agree,Uncertain,Agree,6481c1bf7cc58b7544e316e2
30/06/2023 20:16,30/06/2023 20:18,IP Address,70.170.30.76,100,138,True,30/06/2023 20:18,R_20Zq5ISJhVg8i0s,,,,,36.175,-115.1372,anonymous,EN-GB,"I consent, begin the study",6478d391a6825d19e4d8b52c,35-44 years old,Female,,White or Caucasian,"Graduate or professional degree (MA, MS, MBA, PhD, JD, MD, DDS etc.)",5,Democrat,Blue,Agree,Strongly disagree,Strongly agree,Disagree,Uncertain,Disagree,Disagree,Agree,Agree,Uncertain,6478d391a6825d19e4d8b52c
30/06/2023 20:16,30/06/2023 20:18,IP Address,68.231.242.94,100,131,True,30/06/2023 20:18,R_3Eh6xXp7Nzm9kvn,,,,,36.803,-76.2744,anonymous,EN-GB,"I consent, begin the study",611a3e5985d4fa727e274b38,18-24 years old,Female,,White or Caucasian,"Some college, but no degree",1,Something else,Blue,Strongly disagree,Strongly agree,Agree,Agree,Uncertain,Uncertain,Uncertain,Agree,Strongly agree,Strongly disagree,611a3e5985d4fa727e274b38
30/06/2023 20:17,30/06/2023 20:18,IP Address,174.231.21.159,100,101,True,30/06/2023 20:18,R_3k06IvWpPLyW72N,,,,,33.4602,-112.1334,anonymous,EN-GB,"I consent, begin the study",5d61a3a5f923dd0001d0370f,45-54 years old,Female,,American Indian/Native American or Alaska Native,Bachelor’s degree,5,Democrat,Blue,Uncertain,Uncertain,Uncertain,Agree,Strongly agree,Agree,Disagree,Disagree,Strongly agree,Uncertain,5d61a3a5f923dd0001d0370f
30/06/2023 20:10,30/06/2023 20:18,IP Address,73.49.187.3,100,511,True,30/06/2023 20:18,R_1pmUWDJxgn8iE8E,,,,,26.099,-80.1822,anonymous,EN-GB,"I consent, begin the study",6465cd750298e0714b6391cf,45-54 years old,Male,,White or Caucasian,"Graduate or professional degree (MA, MS, MBA, PhD, JD, MD, DDS etc.)",7,Democrat,Blue,Strongly agree,Strongly disagree,Strongly agree,No opinion,Agree,Disagree,No opinion,Agree,Strongly disagree,Disagree,6465cd750298e0714b6391cf
30/06/2023 20:13,30/06/2023 20:19,IP Address,172.59.33.253,100,343,True,30/06/2023 20:19,R_115zYqMpSm2GJYB,,,,,39.9508,-82.9329,anonymous,EN-GB,"I consent, begin the study",60cf3e11d99a3eed26785caf,45-54 years old,Male,,White or Caucasian,Bachelor’s degree,8,Republican,Blue,Uncertain,Disagree,Disagree,Agree,Strongly agree,Disagree,Agree,Strongly agree,Disagree,Disagree,60cf3e11d99a3eed26785caf
30/06/2023 20:18,30/06/2023 20:19,IP Address,98.19.45.206,100,81,True,30/06/2023 20:19,R_31AeQ7OWJ2hR2We,,,,,40.7597,-96.6542,anonymous,EN-GB,"I consent, begin the study",5f7dd6ed4303f7000814dd3b,35-44 years old,Female,,White or Caucasian,"Some college, but no degree",5,Republican,Blue,Disagree,Agree,Uncertain,Strongly agree,Agree,Agree,Agree,Agree,Strongly disagree,Disagree,5f7dd6ed4303f7000814dd3b
30/06/2023 20:15,30/06/2023 20:19,IP Address,71.227.237.7,100,245,True,30/06/2023 20:19,R_31pzuLzvnsCrj5z,,,,,47.6131,-122.2053,anonymous,EN-GB,"I consent, begin the study",5aea2ca4ff24e0000124b915,25-34 years old,Female,,Other,"Some college, but no degree",3,Democrat,Blue,Disagree,Uncertain,Agree,Strongly disagree,Uncertain,Uncertain,Uncertain,Agree,Agree,Disagree,5aea2ca4ff24e0000124b915
30/06/2023 20:16,30/06/2023 20:19,IP Address,47.149.255.185,100,153,True,30/06/2023 20:19,R_1C1PLS652D83KSS,,,,,33.9553,-117.2457,anonymous,EN-GB,"I consent, begin the study",5deb3ffdf375c625fa83bac7,25-34 years old,Male,,Black or African American,"Some college, but no degree",5,Democrat,Blue,Agree,Disagree,Disagree,Disagree,Agree,Agree,Agree,Agree,Agree,Strongly disagree,5deb3ffdf375c625fa83bac7
30/06/2023 20:15,30/06/2023 20:19,IP Address,136.36.3.85,100,233,True,30/06/2023 20:19,R_2q8Vh71XY2kOXag,,,,,40.2329,-111.6688,anonymous,EN-GB,"I consent, begin the study",6111556d27f136bb7db6667d,18-24 years old,Female,,White or Caucasian,Bachelor’s degree,7,Republican,Blue,No opinion,Disagree,Agree,Strongly agree,No opinion,Disagree,No opinion,Agree,No opinion,Uncertain,6111556d27f136bb7db6667d
30/06/2023 20:17,30/06/2023 20:19,IP Address,107.77.232.9,100,119,True,30/06/2023 20:19,R_3qUrxyI0xYbRcsk,,,,,37.751,-97.822,anonymous,EN-GB,"I consent, begin the study",60fcf739dac98b7590a790dd,18-24 years old,Female,,White or Caucasian,"Some college, but no degree",6,Democrat,Blue,Strongly agree,Agree,Strongly agree,Disagree,Agree,Strongly agree,Strongly disagree,Agree,Agree,Agree,60fcf739dac98b7590a790dd
30/06/2023 20:16,30/06/2023 20:19,IP Address,24.175.94.94,100,211,True,30/06/2023 20:19,R_3fIxxWiImQJo7tu,,,,,26.1617,-97.9956,anonymous,EN-GB,"I consent, begin the study",5af514d386fd9c0001664c92,25-34 years old,Male,,White or Caucasian,"Some college, but no degree",8,Democrat,Blue,Strongly agree,Strongly agree,Strongly agree,Strongly disagree,Strongly agree,Strongly agree,Uncertain,Strongly agree,Strongly agree,Strongly agree,5af514d386fd9c0001664c92
30/06/2023 20:16,30/06/2023 20:20,IP Address,73.2.50.71,100,230,True,30/06/2023 20:20,R_2D6ramEr60XmMoQ,,,,,37.9786,-121.3147,anonymous,EN-GB,"I consent, begin the study",63d4409d5b0e57d3d3a3819d,25-34 years old,Male,,White or Caucasian,High school diploma or GED,5,Democrat,Blue,Disagree,Strongly agree,Strongly agree,Strongly disagree,Agree,Strongly agree,Agree,Agree,Strongly agree,Uncertain,63d4409d5b0e57d3d3a3819d
30/06/2023 20:07,30/06/2023 20:20,IP Address,65.190.151.116,100,787,True,30/06/2023 20:20,R_1E5NeaaLVy91TzY,,,,,35.6353,-78.4503,anonymous,EN-GB,"I consent, begin the study",5e5e9f949ec7440200735db7,25-34 years old,Female,,White or Caucasian,Bachelor’s degree,4,Republican,Blue,Agree,Uncertain,Strongly agree,Disagree,Agree,Uncertain,No opinion,No opinion,Agree,Strongly agree,5e5e9f949ec7440200735db7
30/06/2023 20:18,30/06/2023 20:20,IP Address,47.151.27.217,100,114,True,30/06/2023 20:20,R_VX1tTyOYhs9g2Yx,,,,,33.7783,-118.0268,anonymous,EN-GB,"I consent, begin the study",5928b05e590f0b000126edb8,Prefer not to say,Prefer not to say,,Prefer not to say,Prefer not to say,4,Prefer not to say,Blue,Agree,Uncertain,Agree,Disagree,Uncertain,Agree,Agree,Agree,Strongly agree,Agree,5928b05e590f0b000126edb8
30/06/2023 20:17,30/06/2023 20:20,IP Address,35.146.97.153,100,158,True,30/06/2023 20:20,R_2TSgCIlqUtaYazz,,,,,32.7797,-96.8022,anonymous,EN-GB,"I consent, begin the study",60fcde7858e7b5e782c587e3,25-34 years old,Female,,White or Caucasian,"Graduate or professional degree (MA, MS, MBA, PhD, JD, MD, DDS etc.)",7,Independent,Blue,Agree,Strongly disagree,Strongly disagree,Strongly agree,Agree,Disagree,Uncertain,Agree,Uncertain,Disagree,60fcde7858e7b5e782c587e3
30/06/2023 20:18,30/06/2023 20:20,IP Address,75.136.13.125,100,134,True,30/06/2023 20:20,R_2TSMOD5T1eu1dJs,,,,,36.524,-82.5163,anonymous,EN-GB,"I consent, begin the study",6287748198aa98c765deff27,45-54 years old,Female,,White or Caucasian,Bachelor’s degree,4,Republican,Blue,Uncertain,Disagree,Uncertain,Strongly agree,Agree,Disagree,Uncertain,Uncertain,Uncertain,Agree,6287748198aa98c765deff27
30/06/2023 20:16,30/06/2023 20:20,IP Address,50.223.32.18,100,269,True,30/06/2023 20:20,R_Rxxsg8Y74YkUDqp,,,,,47.8353,-122.284,anonymous,EN-GB,"I consent, begin the study",5e4db97c679288216771f059,45-54 years old,Female,,Asian,Bachelor’s degree,6,Democrat,Blue,Uncertain,Agree,Disagree,Agree,Agree,Strongly agree,Uncertain,Agree,Strongly agree,Strongly agree,5e4db97c679288216771f059
30/06/2023 20:16,30/06/2023 20:21,IP Address,173.27.74.149,100,243,True,30/06/2023 20:21,R_3KMWJX80q7cWEmT,,,,,42.0228,-91.6572,anonymous,EN-GB,"I consent, begin the study",6172fac257895f125f72bdf8,18-24 years old,Female,,White or Caucasian,Bachelor’s degree,4,Independent,Blue,Uncertain,Agree,Uncertain,Disagree,Uncertain,Agree,Agree,Uncertain,Uncertain,Agree,6172fac257895f125f72bdf8
30/06/2023 20:04,30/06/2023 20:06,IP Address,170.149.100.134,100,93,True,30/06/2023 20:21,R_1gA82hWcyBX2Ftd,,,,,40.7359,-73.9904,anonymous,EN-GB,"I consent, begin the study",5beb8419aec9ef0001e9d5fb,25-34 years old,Female,,Asian,Bachelor’s degree,5,Democrat,Blue,Strongly disagree,Disagree,Strongly agree,Strongly disagree,Strongly agree,Strongly agree,Uncertain,Uncertain,Strongly agree,Uncertain,5beb8419aec9ef0001e9d5fb
30/06/2023 20:17,30/06/2023 20:21,IP Address,24.96.82.224,100,201,True,30/06/2023 20:21,R_8eukDti6OsVNWLL,,,,,32.4596,-84.9486,anonymous,EN-GB,"I consent, begin the study",564d4918b48dec0005b51a1d,25-34 years old,Male,,Black or African American,Associates or technical degree,8,Independent,Blue,Uncertain,Uncertain,Agree,Disagree,Strongly agree,Agree,Uncertain,Agree,Agree,Agree,564d4918b48dec0005b51a1d
30/06/2023 20:17,30/06/2023 20:21,IP Address,69.122.11.186,100,243,True,30/06/2023 20:21,R_2PdRzBcnC6TKwp6,,,,,40.8344,-73.7008,anonymous,EN-GB,"I consent, begin the study",5ea649d884b9864dbacc4026,35-44 years old,Male,,Asian,"Graduate or professional degree (MA, MS, MBA, PhD, JD, MD, DDS etc.)",8,Independent,Blue,Strongly agree,Strongly disagree,Strongly agree,Agree,Strongly agree,Disagree,Agree,Strongly agree,Strongly agree,Agree,5ea649d884b9864dbacc4026
30/06/2023 20:19,30/06/2023 20:21,IP Address,173.224.109.86,100,137,True,30/06/2023 20:21,R_1k20mtarD8qfpyD,,,,,29.7388,-95.8309,anonymous,EN-GB,"I consent, begin the study",5edc7e0d037530945b7ced04,18-24 years old,Male,,White or Caucasian,"Some college, but no degree",6,Independent,Blue,Agree,Agree,Agree,Disagree,Agree,Uncertain,No opinion,Uncertain,Uncertain,Agree,5edc7e0d037530945b7ced04
30/06/2023 20:16,30/06/2023 20:22,IP Address,24.147.205.93,100,331,True,30/06/2023 20:22,R_1C7QE5L8E5qFUPI,,,,,43.2548,-70.8762,anonymous,EN-GB,"I consent, begin the study",63f7797962ef60aa14774fa3,45-54 years old,Male,,White or Caucasian,Associates or technical degree,3,Independent,Blue,Uncertain,Disagree,Strongly agree,Agree,Agree,Strongly agree,Disagree,Uncertain,Agree,Disagree,63f7797962ef60aa14774fa3
30/06/2023 20:13,30/06/2023 20:22,IP Address,107.210.214.134,100,551,True,30/06/2023 20:22,R_2Cpk1KADA2BHa2p,,,,,34.0447,-118.2946,anonymous,EN-GB,"I consent, begin the study",63d5a05179cf91a6e6a652cb,18-24 years old,Male,,Black or African American,"Some college, but no degree",7,Republican,Blue,Strongly agree,Disagree,Agree,Agree,Agree,Disagree,Agree,Disagree,Uncertain,Strongly agree,63d5a05179cf91a6e6a652cb
30/06/2023 20:16,30/06/2023 20:22,IP Address,107.190.242.118,100,353,True,30/06/2023 20:22,R_1IjaVMDQtwK56TM,,,,,33.9924,-118.3991,anonymous,EN-GB,"I consent, begin the study",639bf1334028b8623d12e79d,45-54 years old,Female,,White or Caucasian,"Graduate or professional degree (MA, MS, MBA, PhD, JD, MD, DDS etc.)",1,Democrat,Blue,Strongly disagree,Agree,Agree,Agree,Strongly agree,Agree,Uncertain,Uncertain,Agree,Uncertain,639bf1334028b8623d12e79d
30/06/2023 20:16,30/06/2023 20:22,IP Address,73.7.176.226,100,355,True,30/06/2023 20:22,R_3KVL0PZG14UUBZY,,,,,33.6992,-84.7478,anonymous,EN-GB,"I consent, begin the study",5d520a2a08c3b00019384072,18-24 years old,Female,,Black or African American,Bachelor’s degree,,Democrat,Blue,Uncertain,Uncertain,Agree,Uncertain,Strongly agree,Agree,Uncertain,Uncertain,Agree,Disagree,5d520a2a08c3b00019384072
30/06/2023 20:18,30/06/2023 20:22,IP Address,73.13.207.136,100,297,True,30/06/2023 20:22,R_vcORchYD7KOatbj,,,,,40.1463,-74.8306,anonymous,EN-GB,"I consent, begin the study",6463d59f5bcf4f11f97749e6,45-54 years old,Female,,White or Caucasian,Bachelor’s degree,4,Democrat,Blue,Uncertain,Agree,Agree,Disagree,Strongly agree,Strongly disagree,Agree,Uncertain,Disagree,Strongly disagree,6463d59f5bcf4f11f97749e6
30/06/2023 20:14,30/06/2023 20:24,IP Address,174.251.242.112,100,613,True,30/06/2023 20:24,R_tMwmtai1fCSGN4R,,,,,32.3012,-90.1834,anonymous,EN-GB,"I consent, begin the study",62b06c1508dfc74f4f38efab,35-44 years old,Female,,White or Caucasian,Associates or technical degree,4,Republican,Blue,Uncertain,Strongly disagree,Uncertain,Agree,Uncertain,Disagree,Disagree,Strongly agree,Disagree,Disagree,62b06c1508dfc74f4f38efab
30/06/2023 20:28,30/06/2023 20:34,IP Address,172.58.245.234,100,310,True,30/06/2023 20:34,R_2dKKjxrQ74RO9VZ,,,,,39.2889,-76.623,anonymous,EN-GB,"I consent, begin the study",6479e7d2dff0d7fa1db6838a,55-64 years old,Female,,Black or African American,"Graduate or professional degree (MA, MS, MBA, PhD, JD, MD, DDS etc.)",9,Democrat,Blue,Disagree,Agree,Agree,Uncertain,Uncertain,Agree,Agree,Uncertain,Uncertain,Strongly disagree,6479e7d2dff0d7fa1db6838a
